{
  "model": "furiosa-ai/Qwen3-Reranker-8B",
  "pairs": 2000,
  "wall_clock_s": 1710.403339508921,
  "method": "rerank",
  "latencies_s": [
    85.27613471099176,
    85.19934791105334,
    85.25658889394253,
    85.22470775793772,
    85.84961405803915,
    85.74628646299243,
    85.29151208000258,
    85.30455318605527,
    85.29793328302912,
    85.25028350902721,
    85.24208170501515,
    85.2168002310209,
    85.24402287299745,
    85.24838335905224,
    85.20395437895786,
    85.25807230907958,
    85.23329943302087,
    85.248446672922,
    85.2416980729904,
    85.24662458396051
  ],
  "summary": {
    "model": "furiosa-ai/Qwen3-Reranker-8B",
    "method": "rerank",
    "pairs": 2000,
    "wall_clock_s": 1710.403,
    "throughput_pairs_per_s": 1.17,
    "p50_latency_s": 85.2484,
    "p95_latency_s": 85.7463
  }
}