{
  "model": "furiosa-ai/Qwen3-Reranker-8B",
  "pairs": 2000,
  "wall_clock_s": 1707.7120860640425,
  "method": "rerank",
  "latencies_s": [
    85.11855277395807,
    85.14755427301861,
    85.19232044299133,
    85.1368212159723,
    85.13388456206303,
    85.10832168906927,
    85.12513818405569,
    85.07034253305756,
    85.11946969490964,
    85.1271682799561,
    85.12059051403776,
    85.08534795697778,
    85.03802294598427,
    85.66075517504942,
    85.13987656100653,
    85.17890732700471,
    85.247282264987,
    85.23238629195839,
    85.21266845194623,
    85.19985295599326
  ],
  "summary": {
    "model": "furiosa-ai/Qwen3-Reranker-8B",
    "method": "rerank",
    "pairs": 2000,
    "wall_clock_s": 1707.712,
    "throughput_pairs_per_s": 1.17,
    "p50_latency_s": 85.1354,
    "p95_latency_s": 85.2473
  }
}