{
  "results": [
    {
      "model": "furiosa-ai/Qwen3-Embedding-8B",
      "n_inputs": 100,
      "batch_size": 1,
      "wall_clock_s": 86.2634334010072,
      "latencies_s": [
        0.8938996940851212,
        0.8555399370379746,
        0.8565907400334254,
        0.8577393210725859,
        0.85774556605611,
        0.8545231620082632,
        0.8555812749546021,
        0.8590609799139202,
        0.8547668110113591,
        0.8545712060295045,
        0.8556871879845858,
        0.8568479550303891,
        0.8583229150390252,
        0.8569294109474868,
        0.8569426239700988,
        0.8585064070066437,
        0.861267018946819,
        0.8656290909275413,
        0.863436080981046,
        0.8600709619931877,
        0.8625380370067433,
        0.8628303320147097,
        0.863799137994647,
        0.8570409410167485,
        0.8645922360010445,
        0.8649704370182008,
        0.8643203239189461,
        0.8637768749613315,
        0.8596813610056415,
        0.858506315969862,
        0.8634337930707261,
        0.8645151109667495,
        0.8602009310852736,
        0.8607587500009686,
        0.860168264945969,
        0.8638028299901634,
        0.8597650349838659,
        0.8636146490462124,
        0.85769331199117,
        0.863732815021649,
        0.8595838260371238,
        0.8625252649653703,
        0.8675931729376316,
        0.8655420070281252,
        0.8646941020851955,
        0.8657947140745819,
        0.8645751670701429,
        0.8620846560224891,
        0.865097695030272,
        0.8630444760201499,
        0.8634687339654192,
        0.8643753390060738,
        0.8652310059405863,
        0.8638448839774355,
        0.8632619839627296,
        0.8646655610064045,
        0.8646809890633449,
        0.8636148270452395,
        0.861713794991374,
        0.8656191610498354,
        0.8645072520012036,
        0.8645148510113358,
        0.8640138739719987,
        0.8639022170100361,
        0.8637564909877256,
        0.8633109789807349,
        0.8653908419655636,
        0.8633962260792032,
        0.8651355759939179,
        0.8651925129815936,
        0.8621011601062492,
        0.8648322360822931,
        0.8583048990694806,
        0.8652931010583416,
        0.8633810059400275,
        0.8657678649760783,
        0.8636792169418186,
        0.8637444860069081,
        0.8638164569856599,
        0.8618737939978018,
        0.8648547399789095,
        0.8625378450378776,
        0.8612398490076885,
        0.8642422159900889,
        0.8634748560143635,
        0.8643450400559232,
        0.8638695750851184,
        0.8657727119280025,
        0.864485336933285,
        0.8638234160607681,
        0.8629682760220021,
        0.8637625549454242,
        0.8640669499291107,
        0.8635870959842578,
        0.8660133510129526,
        0.8614721220219508,
        0.8602716689929366,
        0.8638570820912719,
        0.8635624459711835,
        0.8645171710522845
      ],
      "summary": {
        "model": "furiosa-ai/Qwen3-Embedding-8B",
        "n_inputs": 100,
        "batch_size": 1,
        "wall_clock_s": 86.263,
        "throughput_inputs_per_s": 1.16,
        "p50_latency_s": 0.8636,
        "p95_latency_s": 0.8658
      }
    },
    {
      "model": "furiosa-ai/Qwen3-Embedding-8B",
      "n_inputs": 100,
      "batch_size": 4,
      "wall_clock_s": 85.8359956300119,
      "latencies_s": [
        3.4350608360255137,
        3.431206813082099,
        3.43000525503885,
        3.4322799529181793,
        3.428935920004733,
        3.4318188469624147,
        3.4354773219674826,
        3.4320847468916327,
        3.432505118078552,
        3.4315264000324532,
        3.4287922460353,
        3.4380633590044454,
        3.4326783320866525,
        3.431382112088613,
        3.4345798880094662,
        3.4359949390636757,
        3.4487332749413326,
        3.4387688329443336,
        3.434618475032039,
        3.4329494920093566,
        3.4343132749199867,
        3.449114680988714,
        3.4273813610197976,
        3.428229182958603,
        3.4194586760131642
      ],
      "summary": {
        "model": "furiosa-ai/Qwen3-Embedding-8B",
        "n_inputs": 100,
        "batch_size": 4,
        "wall_clock_s": 85.836,
        "throughput_inputs_per_s": 1.17,
        "p50_latency_s": 3.4325,
        "p95_latency_s": 3.4487
      }
    },
    {
      "model": "furiosa-ai/Qwen3-Embedding-8B",
      "n_inputs": 100,
      "batch_size": 16,
      "wall_clock_s": 85.46379371697549,
      "latencies_s": [
        13.650987997069024,
        13.654505920014344,
        13.690581321017817,
        13.687143320101313,
        13.6792343739653,
        13.670664942008443,
        3.4306653800886124
      ],
      "summary": {
        "model": "furiosa-ai/Qwen3-Embedding-8B",
        "n_inputs": 100,
        "batch_size": 16,
        "wall_clock_s": 85.464,
        "throughput_inputs_per_s": 1.17,
        "p50_latency_s": 13.6707,
        "p95_latency_s": 13.6906
      }
    },
    {
      "model": "furiosa-ai/Qwen3-Embedding-8B",
      "n_inputs": 100,
      "batch_size": 64,
      "wall_clock_s": 85.4242348029511,
      "latencies_s": [
        54.66680424497463,
        30.757427258067764
      ],
      "summary": {
        "model": "furiosa-ai/Qwen3-Embedding-8B",
        "n_inputs": 100,
        "batch_size": 64,
        "wall_clock_s": 85.424,
        "throughput_inputs_per_s": 1.17,
        "p50_latency_s": 42.7121,
        "p95_latency_s": 54.6668
      }
    }
  ]
}