{
  "results": [
    {
      "model": "furiosa-ai/Qwen3-Embedding-8B",
      "n_inputs": 100,
      "batch_size": 1,
      "wall_clock_s": 86.27037340193056,
      "latencies_s": [
        0.9003910280298442,
        0.8645689799450338,
        0.8613100510556251,
        0.8643211160087958,
        0.8665343299508095,
        0.8628792789531872,
        0.8615314250346273,
        0.8629535740474239,
        0.8628090160200372,
        0.86198852409143,
        0.8623057579388842,
        0.880313302972354,
        0.8615566160297021,
        0.8636967419879511,
        0.8752468660240993,
        0.8614854699699208,
        0.8610200550174341,
        0.8681475220946595,
        0.8603286219295114,
        0.8616381039610133,
        0.8614652459509671,
        0.8646265589632094,
        0.8619829800445586,
        0.8603756140219048,
        0.8606854890240356,
        0.8595322630135342,
        0.8595801980700344,
        0.8648364309919998,
        0.8637740040430799,
        0.8627366620348766,
        0.8622690449701622,
        0.8644448110135272,
        0.8608486589509994,
        0.8613649239996448,
        0.8620554719818756,
        0.8603257449576631,
        0.8615437309490517,
        0.8626274610869586,
        0.8648935359669849,
        0.8616526869591326,
        0.8608240309404209,
        0.8604474859312177,
        0.8617177160922438,
        0.8608298409963027,
        0.8611716460436583,
        0.8615820249542594,
        0.8606863400200382,
        0.8612773970235139,
        0.8612489770166576,
        0.8614886710420251,
        0.8612769159954041,
        0.8654148249188438,
        0.8632545439759269,
        0.8614896340295672,
        0.8624770119786263,
        0.8608045619912446,
        0.8635554580250755,
        0.861644044984132,
        0.8612430549692363,
        0.8631927310489118,
        0.8601262640440837,
        0.8613084149546921,
        0.8624520330922678,
        0.8620988959446549,
        0.8612535179127008,
        0.861132450052537,
        0.8627410500776023,
        0.860666083986871,
        0.8610133409965783,
        0.8616427649976686,
        0.8615474780090153,
        0.8607430059928447,
        0.8612644450040534,
        0.8625770710641518,
        0.8614181469893083,
        0.8620496529620141,
        0.8610079160425812,
        0.8617631000233814,
        0.86069492099341,
        0.8600826219189912,
        0.8617375990143046,
        0.8615597910247743,
        0.8634969349950552,
        0.8629043149994686,
        0.8615089920349419,
        0.8620205980259925,
        0.8613702210132033,
        0.8631030459655449,
        0.8606118509778753,
        0.8613143099937588,
        0.8624320169910789,
        0.8620617169653997,
        0.860884131048806,
        0.861230670940131,
        0.862051913049072,
        0.8606852589873597,
        0.860990675049834,
        0.8617396249901503,
        0.8657050249166787,
        0.8629755399888381
      ],
      "summary": {
        "model": "furiosa-ai/Qwen3-Embedding-8B",
        "n_inputs": 100,
        "batch_size": 1,
        "wall_clock_s": 86.27,
        "throughput_inputs_per_s": 1.16,
        "p50_latency_s": 0.8616,
        "p95_latency_s": 0.8657
      }
    },
    {
      "model": "furiosa-ai/Qwen3-Embedding-8B",
      "n_inputs": 100,
      "batch_size": 4,
      "wall_clock_s": 85.65926069801208,
      "latencies_s": [
        3.427668742951937,
        3.426759210997261,
        3.4256179520161822,
        3.4241058870684355,
        3.4282162269810215,
        3.425429107970558,
        3.43317107798066,
        3.4218002250418067,
        3.422337411902845,
        3.427813939983025,
        3.4278855639277026,
        3.427550577907823,
        3.4268547609681264,
        3.428254591068253,
        3.425649064942263,
        3.426595170982182,
        3.4212608110392466,
        3.431260204059072,
        3.4431403229245916,
        3.4229112629545853,
        3.4218990119406953,
        3.421344575006515,
        3.420262748026289,
        3.4233099640114233,
        3.4281345050549135
      ],
      "summary": {
        "model": "furiosa-ai/Qwen3-Embedding-8B",
        "n_inputs": 100,
        "batch_size": 4,
        "wall_clock_s": 85.659,
        "throughput_inputs_per_s": 1.17,
        "p50_latency_s": 3.4266,
        "p95_latency_s": 3.4332
      }
    },
    {
      "model": "furiosa-ai/Qwen3-Embedding-8B",
      "n_inputs": 100,
      "batch_size": 16,
      "wall_clock_s": 85.5006386860041,
      "latencies_s": [
        13.642911005066708,
        13.65372381103225,
        13.752318479004316,
        13.681505989981815,
        13.678247570991516,
        13.668221091036685,
        3.4237033360404894
      ],
      "summary": {
        "model": "furiosa-ai/Qwen3-Embedding-8B",
        "n_inputs": 100,
        "batch_size": 16,
        "wall_clock_s": 85.501,
        "throughput_inputs_per_s": 1.17,
        "p50_latency_s": 13.6682,
        "p95_latency_s": 13.7523
      }
    },
    {
      "model": "furiosa-ai/Qwen3-Embedding-8B",
      "n_inputs": 100,
      "batch_size": 64,
      "wall_clock_s": 85.33075007901061,
      "latencies_s": [
        54.610822472022846,
        30.719925593934022
      ],
      "summary": {
        "model": "furiosa-ai/Qwen3-Embedding-8B",
        "n_inputs": 100,
        "batch_size": 64,
        "wall_clock_s": 85.331,
        "throughput_inputs_per_s": 1.17,
        "p50_latency_s": 42.6654,
        "p95_latency_s": 54.6108
      }
    }
  ]
}